id,label
10814,Bad
43680,Neutral
80651,Good
44019,Bad
13725,Bad
37504,Bad
19219,Bad
34610,Bad
11041,Bad
31315,Bad
67050,Good
30865,Bad
37753,Neutral
77950,Good
21521,Bad
65600,Good
49751,Neutral
1254,Bad
32003,Neutral
72672,Neutral
73452,Bad
22375,Bad
36310,Good
66076,Neutral
74473,Good
37669,Neutral
16747,Bad
81781,Good
15081,Neutral
48152,Bad
40765,Neutral
10466,Bad
67341,Good
710,Bad
70379,Neutral
70032,Good
37941,Bad
72357,Bad
71048,Good
53815,Neutral
39857,Neutral
28969,Neutral
39855,Good
78303,Good
49884,Bad
22224,Bad
43073,Neutral
77102,Good
74327,Good
12400,Bad
1581,Bad
36962,Bad
71204,Good
13363,Neutral
10925,Bad
68773,Good
75830,Neutral
15938,Bad
5955,Bad
9953,Bad
39465,Bad
1015,Bad
66246,Neutral
72165,Good
79747,Good
42960,Bad
40651,Neutral
374,Bad
1383,Bad
2407,Skip
10568,Bad
6674,Bad
77152,Good
66931,Good
46515,Bad
16988,Bad
74232,Neutral
31017,Bad
66547,Good
17522,Bad
29457,Neutral
68842,Good
65400,Good
3651,Bad
32054,Neutral
53162,Neutral
66348,Good
17542,Bad
67385,Skip
11946,Bad
62489,Good
67294,Good
82037,Good
62175,Good
35705,Neutral
20280,Bad
62522,Good
11397,Bad
14603,Bad
61389,Good
67426,Good
1168,Neutral
3810,Bad
43644,Neutral
43927,Neutral
2485,Bad
23248,Neutral
31711,Bad
29583,Bad
48779,Bad
9888,Bad
9458,Bad
59288,Neutral
42087,Neutral
60106,Good
48749,Skip
72190,Good
10728,Skip
24852,Bad
47405,Bad
37017,Bad
53763,Neutral
6704,Bad
43330,Neutral
46304,Bad
63201,Neutral
36971,Neutral
23048,Neutral
7025,Bad
62846,Neutral
12342,Bad
81311,Neutral
13981,Bad
53645,Skip
30803,Neutral
60424,Bad
12773,Bad
37678,Neutral
16049,Bad
72277,Good
50321,Bad
15075,Neutral
40056,Skip
17109,Bad
81792,Good
14780,Bad
80930,Neutral
50520,Neutral
34706,Neutral
34633,Bad
12057,Bad
61867,Good
12211,Bad
22980,Bad
68245,Good
59815,Good
67729,Neutral
45561,Neutral
49668,Bad
70094,Neutral
13595,Bad
8088,Bad
17226,Neutral
45754,Bad
73273,Good
22037,Bad
36816,Neutral
71415,Neutral
37870,Skip
62198,Skip
37045,Neutral
43236,Neutral
9171,Bad
15066,Bad
67384,Neutral
1995,Neutral
33289,Neutral
47584,Bad
46544,Neutral
24315,Bad
9216,Bad
62169,Good
18543,Bad
16881,Bad
30605,Bad
36839,Bad
79847,Neutral
811,Bad
35613,Bad
30196,Neutral
5465,Bad
2230,Neutral
31844,Bad
82215,Good
49232,Neutral
73675,Good
65326,Good
65752,Bad
59293,Good
76338,Good
74746,Good
40972,Neutral
21181,Bad
35200,Bad
65506,Good
78385,Neutral
17380,Bad
57929,Good
45482,Neutral
61795,Good
